link,ranking,year,Keywords
https://www.newsbreak.com/news/2770940612443/are-bitcoin-miners-selling-the-bottom,1,2014,Miner
https://cointelegraph.com/news/bitcoin-price-plummets-while-miner-hash-rate-soars-to-all-time-highs,2,2015,Miner
https://www.prnewswire.com/news-releases/river-unveils-live-bitcoin-miners-to-meet-customer-demand-301640936.html,3,2016,Miner
https://www.streetinsider.com/PRNewswire/River+unveils+live+Bitcoin+miners+to+meet+customer+demand/20673643.html,4,2017,Miner
https://article.wn.com/view/2022/10/03/BTC_Miners_Reserves_Reach_Their_Lowest_Point_in_a_Decade/,4,2018,Miner
https://www.marketwatch.com/story/crypto-miner-shares-sink-as-bitcoin-falls-below-20k-271665165133,5,2019,Miner
https://www.hawaiinewsnow.com/prnewswire/2022/10/06/river-unveils-live-bitcoin-miners-meet-customer-demand/,6,2020,Miner
https://bitcoinmagazine.com/business/are-bitcoin-miners-selling-the-bottom,7,2014,Miner
https://www.marketscreener.com/quote/stock/IRIS-ENERGY-LIMITED-129472358/news/Crypto-Miner-Shares-Sink-as-Bitcoin-Falls-Below-20K-41953668/?utm_medium=RSS,8,2015,Miner
https://finance.yahoo.com/news/barclays-remains-positive-bitcoin-sees-132455747.html,9,2016,Miner
https://www.wave3.com/prnewswire/2022/10/06/river-unveils-live-bitcoin-miners-meet-customer-demand/,10,2017,Miner
https://www.wistv.com/prnewswire/2022/10/06/river-unveils-live-bitcoin-miners-meet-customer-demand/,1,2018,Miner
https://www.wbay.com/prnewswire/2022/10/06/river-unveils-live-bitcoin-miners-meet-customer-demand/,2,2019,Miner
https://www.kktv.com/prnewswire/2022/10/06/river-unveils-live-bitcoin-miners-meet-customer-demand/,3,2020,Miner
https://cryptopotato.com/btc-miners-reserves-reach-their-lowest-point-in-a-decade/,3,2014,Miner
https://www.kwch.com/prnewswire/2022/10/06/river-unveils-live-bitcoin-miners-meet-customer-demand/,4,2015,Miner
https://www.kold.com/prnewswire/2022/10/06/river-unveils-live-bitcoin-miners-meet-customer-demand/,4,2016,Miner
https://www.wlox.com/prnewswire/2022/10/06/river-unveils-live-bitcoin-miners-meet-customer-demand/,6,2017,Miner
https://www.13abc.com/prnewswire/2022/10/06/river-unveils-live-bitcoin-miners-meet-customer-demand/,8,2018,Miner
https://www.nbc15.com/prnewswire/2022/10/06/river-unveils-live-bitcoin-miners-meet-customer-demand/,10,2019,Miner
https://bitcoinmagazine.com/business/upside-as-bitcoin-miners-lose-14-billion,5,2020,Miner
https://www.business2community.com/crypto-news/62-of-bitcoin-has-not-moved-in-a-year-as-long-term-holders-refuse-to-sell-02555399,6,2014,Bitcoin
https://www.gobankingrates.com/investing/crypto/how-many-bitcoins-are-there/,3,2015,Bitcoin
https://www.forbes.com/advisor/au/investing/bitcoin-2008-2022-from-bouncing-baby-to-troubled-teenager/,1,2016,Bitcoin
https://cointelegraph.com/news/bitcoin-lightning-network-capacity-strikes-5-000-btc,9,2017,Bitcoin
http://www.einnews.com/pr_news/592509214/new-bitcoin-atm-opens-in-honey-brook-pa-for-buying-and-selling-crypto-currency,8,2018,Bitcoin
https://www.newsbreak.com/news/2770940612443/are-bitcoin-miners-selling-the-bottom,6,2019,Bitcoin
https://www.business2community.com/crypto-news/jemima-kelly-gets-at-least-4-things-wrong-about-bitcoin-02555992,4,2020,Bitcoin
https://guardian.ng/news/fintech-platform-sponsors-bitcoin-conference/,2,2014,Bitcoin
https://www.fool.com/investing/2022/10/04/why-warren-buffett-will-never-buy-bitcoin/,9,2015,Bitcoin
https://www.forbes.com/advisor/au/investing/bitcoin-2008-2022-from-bouncing-baby-to-troubled-teenager/,10,2016,Bitcoin
https://seekingalpha.com/article/4544800-how-bitcoin-bear-market-benefited-cleansparks-valuation,7,2017,Bitcoin
https://bitcoinmagazine.com/business/bitcoin-magazine-signs-ibex-as-payment-processor-for-conferences,4,2018,Bitcoin
https://www.standard.co.uk/esmoney/investing/cryptocurrency/bitcoin-price-today-4-october-2022-b1002128.html,5,2019,Bitcoin
https://cointelegraph.com/news/bitcoin-price-plummets-while-miner-hash-rate-soars-to-all-time-highs,9,2020,Bitcoin
https://www.reddit.com/r/Bitcoin/comments/xwbjp6/bitcoin_optech_newsletter_220,8,2014,Bitcoin
https://www.reddit.com/r/Bitcoin/comments/xuednx/nydig_buys_720_million_bitcoin,6,2015,Bitcoin
https://www.standard.co.uk/esmoney/investing/cryptocurrency/bitcoin-price-today-7-october-2022-b1002128.html,8,2016,Bitcoin
https://www.standard.co.uk/esmoney/investing/cryptocurrency/bitcoin-price-today-6-october-2022-b1002128.html,4,2017,Bitcoin
https://www.digitaljournal.com/pr/exclusive-report-on-bitcoin-financial-products-market-set-to-huge-industry-demand-impressive-growth-in-depth-analysis-of-company-profiles-key-players-pbmining-cex-io-nicehash-bitbank,3,2018,Bitcoin
https://www.reddit.com/r/Bitcoin/comments/xv1hq9/feds_seized_311m_in_bitcoin_and_a_crypto_hacker,1,2019,Bitcoin
https://www.reddit.com/r/Bitcoin/comments/xxsle6/bitcoins_correlation_with_gold_hits_highest_level,3,2020,Bitcoin
https://www.reddit.com/r/Bitcoin/comments/xwqfel/how_to_buy_in_bitcoin,5,2014,Bitcoin
https://www.reddit.com/r/Bitcoin/comments/xy2mnc/why_is_bitcoin_hash_rate_skyrocketing,3,2015,Bitcoin
https://www.standard.co.uk/esmoney/investing/cryptocurrency/bitcoin-price-today-3-october-2022-b1002128.html,8,2016,Bitcoin
https://www.reddit.com/r/Bitcoin/comments/xwyeiz/south_korean_court_rules_bitcoin_is_not_money,10,2017,Bitcoin
https://www.reddit.com/r/Bitcoin/comments/xxqtmg/open_source_what_it_is_and_why_its_critical_for,2,2018,Bitcoin
https://www.reddit.com/r/Bitcoin/comments/xxvgfx/offline_bitcoin_lightning_payments_will_soon_be,8,2019,Bitcoin
http://www.einnews.com/pr_news/592509214/new-bitcoin-atm-opens-in-honey-brook-pa-for-buying-and-selling-crypto-currency,9,2020,Crypto
https://www.britannica.com/topic/cryptocurrency,4,2014,Crypto
https://www.reddit.com/r/Bitcoin/comments/xv1hq9/feds_seized_311m_in_bitcoin_and_a_crypto_hacker,7,2015,Crypto
https://www.reddit.com/r/Bitcoin/comments/xxqtmg/open_source_what_it_is_and_why_its_critical_for,6,2016,Crypto
https://www.fool.com/investing/2022/10/04/why-youll-regret-not-buying-this-top-crypto-on-dip/,1,2017,Crypto
https://www.fool.com/investing/2022/10/03/1-no-brainer-crypto-billionaire-hold-forever/,9,2018,Crypto
https://www.barrons.com/articles/microstrategy-stock-bitcoin-business-51664816605,7,2019,Crypto
https://www.businessinsider.com/bitcoin-investment-case-is-the-weakest-ever-been-crypto-executive-2022-10,6,2020,Crypto
https://screenrant.com/bitcoin-halving-event-affect-crypto-prices-why/,3,2014,Crypto
https://www.reddit.com/r/Bitcoin/comments/xv93mu/argentinas_stateowned_energy_company_moves_into,6,2015,Crypto
https://www.reddit.com/r/Bitcoin/comments/xxulor/the_central_bank_of_namibia_allows,5,2016,Crypto
https://www.reddit.com/r/Bitcoin/comments/xuip86/btcpayserver_alternative_crypto_payment_gateway,9,2017,Crypto
https://www.reddit.com/r/Bitcoin/comments/xuip86/btcpayserver_alternative_crypto_payment_gateway,8,2018,Crypto
https://www.benzinga.com/markets/cryptocurrency/22/10/29175258/bitcoin-holders-could-be-lovin-it-at-a-mcdonalds-location-in-this-country-that-now-accepts,7,2019,Crypto
https://www.cityam.com/strong-start-to-october-for-cryptocurrency-but-can-it-hold/,4,2020,Crypto
https://economictimes.indiatimes.com/markets/stocks/news/oktoberfest-for-cryptos-bitcoin-tops-20000-whats-in-store-this-month/articleshow/94641599.cms,3,2014,Crypto
https://www.marketwatch.com/story/crypto-miner-shares-sink-as-bitcoin-falls-below-20k-271665165133,2,2015,Crypto
https://www.einpresswire.com/article/592509214/new-bitcoin-atm-opens-in-honey-brook-pa-for-buying-and-selling-crypto-currency,9,2016,Crypto
https://www.businessinsider.com/crypto-ethereum-to-be-primary-on-ramp-galaxy-trading-exec-2022-10,8,2017,Crypto
https://www.reddit.com/r/Bitcoin/comments/xv8dgi/investors_ditch_the_euro_and_pound_for_bitcoin_in,3,2018,Invest
https://www.outlookindia.com/business-spotlight/bitcoin-360-ai-review-is-your-investment-in-safer-hands--news-227471,4,2019,Invest
https://bitcoinmagazine.com/business/every-real-estate-investor-should-own-bitcoin,5,2020,Invest
https://www.fool.com/investing/2022/10/07/1000-in-bitcoin-in-2013-this-is-how-much-now/,6,2014,Invest
https://www.investing.com/news/cryptocurrency-news/is-bitcoin-moving-towards-a-bullish-period-amid-the-bear-market-2904973,7,2015,Invest
https://www.businessinsider.com/bitcoin-investment-case-is-the-weakest-ever-been-crypto-executive-2022-10,8,2016,Invest
https://www.ibtimes.com/nydig-raises-720-million-its-bitcoin-fund-59-investors-3619897,9,2017,Invest
https://www.cnbc.com/2022/10/04/novogratz-says-bitcoin-real-estate-can-protect-investors-against-central-bank-mistakes.html,10,2018,Invest
https://www.fool.com/investing/2022/10/02/1-of-smartest-investors-buy-the-dip-on-crypto/,5,2019,Invest
https://www.prnewswire.com/news-releases/ledn-to-acquire-arxnovum-investments-a-fully-registered-canadian-digital-asset-investment-manager-301642146.html,4,2020,Invest
https://decrypt.co/111206/investors-flee-gold-bitcoin-pushing-correlation-12-month-high,2,2014,Invest
https://markets.businessinsider.com/news/stocks/ledn-to-acquire-arxnovum-investments-a-fully-registered-canadian-digital-asset-investment-manager-1031786890,1,2015,Invest
https://cryptopotato.com/grayscale-partners-with-foundry-to-launch-bitcoin-mining-investment-product/,5,2016,Invest
https://decrypt.co/111206/investors-flee-gold-bitcoin-pushing-correlation-12-month-high,8,2017,Invest
https://www.benzinga.com/pressreleases/22/10/n29164994/ledn-to-acquire-arxnovum-investments-a-fully-registered-canadian-digital-asset-investment-manager,9,2018,Invest
https://www.aol.com/finance/grayscale-debuts-bitcoin-mining-investment-120025203.html,3,2019,Invest
https://www.newswire.ca/news-releases/ledn-to-acquire-arxnovum-investments-a-fully-registered-canadian-digital-asset-investment-manager-896856159.html,5,2020,Invest
https://bitcoinist.com/bitcoin-investors-havent-stopped-buying-btc/,6,2014,Invest
https://www.streetinsider.com/PRNewswire/Ledn+to+acquire+Arxnovum+Investments%2C+a+fully-registered%2C+Canadian+digital+asset+investment+manager/20672707.html,9,2015,Invest
https://www.hawaiinewsnow.com/prnewswire/2022/10/06/ledn-acquire-arxnovum-investments-fully-registered-canadian-digital-asset-investment-manager/,3,2016,Invest
https://financialpost.com/pmn/business-pmn/grayscale-sets-up-entity-to-invest-in-bitcoin-mining-hardware,5,2017,Invest
https://www.wbtv.com/prnewswire/2022/10/06/ledn-acquire-arxnovum-investments-fully-registered-canadian-digital-asset-investment-manager/,3,2018,Invest
https://financialpost.com/pmn/business-pmn/grayscale-sets-up-entity-to-invest-in-bitcoin-mining-hardware,2,2019,Invest
https://www.digitaljournal.com/pr/exclusive-report-on-bitcoin-financial-products-market-set-to-huge-industry-demand-impressive-growth-in-depth-analysis-of-company-profiles-key-players-pbmining-cex-io-nicehash-bitbank,1,2020,Bank
https://www.reddit.com/r/Bitcoin/comments/xx44v8/namibias_central_bank_says_bitcoin_can_be,7,2014,Bank
https://www.reddit.com/r/Bitcoin/comments/xv0206/un_calls_on_fed_other_central_banks_to_halt,8,2015,Bank
https://www.reddit.com/r/Bitcoin/comments/xxulor/the_central_bank_of_namibia_allows,6,2016,Bank
https://www.cnbc.com/2022/10/04/novogratz-says-bitcoin-real-estate-can-protect-investors-against-central-bank-mistakes.html,5,2017,Bank
https://www.newsbreak.com/news/2771048536814/peapack-gladstone-bank-enters-life-insurance-premium-finance-business,4,2018,Bank
https://financialpost.com/pmn/business-pmn/bitcoin-miner-marathon-reveals-80-million-exposure-to-bankrupt-firm,3,2019,Bank
https://bitcoinmagazine.com/culture/banks-are-failing-savers-bitcoin-is-the-alternative,7,2020,Bank
https://www.bloomberg.com/news/articles/2022-10-06/bitcoin-btc-mara-miner-marathon-has-70-million-exposure-to-bankrupt-firm,4,2014,Bank
https://recentlyheard.com/2022/10/03/credit-suisse-and-deutsche-bank-face-extreme-downturn/,2,2015,Bank
https://www.bollyinside.com/news/as-the-worlds-financial-markets-soar-bitcoin-regains-support-near-20300,3,2016,Bank
https://www.nasdaq.com/articles/traditional-banks-are-failing-everyday-savers.-bitcoin-is-the-alternative,7,2017,Bank
https://cryptoslate.com/bitcoin-stable-as-credit-suisse-deutsche-bank-rumored-to-be-on-verge-of-collapse/,5,2018,Bank
https://www.newsbreak.com/news/2771353370545/sam-bankman-fried-markets-celsius-bid-as-altruism-for-users,3,2019,Bank
https://forextv.com/bitcoin-news/bitcoin-miner-marathon-reveals-80-million-exposure-to-bankrupt-firm/,2,2020,Bank
https://www.newsbreak.com/news/2771652268666/world-s-largest-banks-have-exposure-to-dot-xrp-and-ada-study-shows,1,2014,Bank
https://www.newsbreak.com/news/2771226720214/banks-around-the-world-have-over-9-200-000-000-in-crypto-asset-exposure-new-study,9,2015,Bank
https://cryptoslate.com/gobal-bank-exposure-to-crypto-is-around-0-01/,8,2016,Bank
https://www.coindesk.com/markets/2022/10/04/bitcoin-gains-momentum-on-fed-pivot-narrative-but-some-banks-anticipate-dollar-rebound/,7,2017,Bank
https://decrypt.co/111444/bitcoin-miner-marathon-digital-unfazed-81-3m-exposure-bankrupt-data-center,5,2018,Bank
https://www.crypto-news-flash.com/big-for-bitcoin-central-bank-says-bitcoin-is-a-good-payment-option-for-the-future,5,2019,Bank
https://news.bloombergtax.com/crypto/bitcoin-miner-marathon-has-80-million-exposure-to-bankrupt-firm,4,2020,Bank
